,Feature,KS Statistic,p-value,Cohen's d,Mean (Year 1),Mean (Year 2),Mean Shift,Severity
4,weight,0.02025433716667502,3.3083316879243565e-18,-0.023530752244638752,1728.6964965390125,1752.0793944591558,-23.38289792014325,None
6,weeks worked in year,0.006393479171060257,0.03374011393390852,-0.010504213713623683,23.046770913680668,23.30319170277644,-0.2564207890957739,None
1,capital gains,0.0027386252394141497,0.8474637042332283,-0.010486620973262141,410.10426037044084,459.3660628310063,-49.261802460565434,None
5,veterans benefits,0.0027051816895677094,0.8577005488691627,-0.006244626889553469,1.5121760645917437,1.5174931792649655,-0.005317114673221823,None
0,wage per hour,0.0021152857885000653,0.9785709799897617,-0.004565720076905091,54.799773608342434,56.054866795056974,-1.2550931867145394,None
3,dividends from stocks,0.0030617420070601087,0.7367683449853272,-0.00382528267415397,193.73698498402237,201.32706427539722,-7.590079291374849,None
2,capital losses,0.0006261552675504989,1.0,-0.00019145134393178266,37.287777855690344,37.33983309260151,-0.05205523691116554,None
