,Label,Count,Percentage (%),Weighted Count,Weighted Percentage (%)
0,- 50000.,187141,93.79419916500854,325004647.22,93.59495800172164
1,50000+.,12382,6.205800834991455,22241245.25,6.405041998278356
